domain,label,cos_sim,answer_len,word_overlap,unique_ratio
dialogue,0,0.5015750527381897,84,0.20930232558139536,1.0
dialogue,1,0.5131604075431824,88,0.16666666666666666,1.0
dialogue,0,0.0895434096455574,67,0.05,0.9230769230769231
dialogue,1,0.46361103653907776,172,0.16417910447761194,0.9
dialogue,0,0.31548452377319336,89,0.1694915254237288,0.9411764705882353
dialogue,1,0.4007963538169861,135,0.1935483870967742,0.9130434782608695
dialogue,0,0.5983371734619141,62,0.08,1.0
dialogue,1,0.390014111995697,57,0.038461538461538464,1.0
dialogue,0,0.10509006679058075,28,0.0,0.8333333333333334
dialogue,1,0.8206255435943604,110,0.18,1.0
dialogue,0,0.47311949729919434,48,0.07142857142857142,1.0
dialogue,1,0.12581606209278107,37,0.023255813953488372,1.0
dialogue,0,0.2867550253868103,38,0.17647058823529413,0.875
dialogue,1,0.3375683128833771,32,0.08333333333333333,1.0
dialogue,0,0.09173517674207687,15,0.02,1.0
dialogue,1,0.5508212447166443,142,0.2,0.96
dialogue,0,0.5895453691482544,86,0.15789473684210525,1.0
dialogue,1,0.6097222566604614,85,0.13793103448275862,1.0
dialogue,0,0.3666756749153137,21,0.11904761904761904,1.0
dialogue,1,0.28778523206710815,22,0.09302325581395349,1.0
dialogue,0,0.5160712599754333,35,0.17391304347826086,1.0
dialogue,1,0.33364418148994446,36,0.08,1.0
dialogue,0,0.1326596438884735,52,0.029850746268656716,1.0
dialogue,1,0.585555374622345,136,0.11428571428571428,0.7916666666666666
dialogue,0,0.39854884147644043,81,0.1388888888888889,0.9333333333333333
dialogue,1,0.37701502442359924,84,0.136986301369863,0.8823529411764706
dialogue,0,0.41672283411026,46,0.16666666666666666,1.0
dialogue,1,0.36603742837905884,67,0.1590909090909091,0.9230769230769231
dialogue,0,0.15223634243011475,15,0.0,1.0
dialogue,1,0.7244738936424255,77,0.20930232558139536,1.0
dialogue,0,0.23941324651241302,44,0.11666666666666667,1.0
dialogue,1,0.48543769121170044,111,0.1323529411764706,0.9523809523809523
dialogue,0,0.1411713808774948,23,0.0,1.0
dialogue,1,0.5014032125473022,142,0.18571428571428572,0.96
dialogue,0,0.45334237813949585,137,0.136986301369863,0.92
dialogue,1,0.6172249913215637,113,0.14285714285714285,0.9523809523809523
dialogue,0,0.5466334223747253,122,0.16393442622950818,0.9166666666666666
dialogue,1,0.6968063712120056,191,0.13513513513513514,0.9722222222222222
dialogue,0,0.26000678539276123,70,0.057692307692307696,0.9230769230769231
dialogue,1,0.6634533405303955,137,0.14285714285714285,0.9545454545454546
dialogue,0,0.659345805644989,111,0.13432835820895522,0.9
dialogue,1,0.4163183271884918,116,0.11764705882352941,0.8571428571428571
dialogue,0,0.5046446323394775,81,0.11764705882352941,0.9411764705882353
dialogue,1,0.5192452669143677,78,0.11764705882352941,0.9411764705882353
dialogue,0,0.5809760689735413,136,0.1590909090909091,0.88
dialogue,1,0.41525977849960327,145,0.17777777777777778,0.8888888888888888
dialogue,0,0.17712754011154175,32,0.06896551724137931,1.0
dialogue,1,0.23855818808078766,115,0.05714285714285714,0.8636363636363636
dialogue,0,0.4054122865200043,63,0.10526315789473684,1.0
dialogue,1,0.37769240140914917,51,0.10909090909090909,1.0
dialogue,0,0.7878411412239075,48,0.06666666666666667,1.0
dialogue,1,0.6962936520576477,55,0.06451612903225806,1.0
dialogue,0,0.1814308762550354,98,0.08695652173913043,0.9411764705882353
dialogue,1,0.4608982801437378,184,0.06097560975609756,0.8484848484848485
dialogue,0,0.545676052570343,80,0.0784313725490196,0.9411764705882353
dialogue,1,0.6059576272964478,77,0.14893617021276595,1.0
dialogue,0,0.21335695683956146,89,0.11320754716981132,0.8333333333333334
dialogue,1,0.5515986084938049,196,0.140625,0.8787878787878788
dialogue,0,0.10709348320960999,4,0.0,1.0
dialogue,1,0.5273925065994263,50,0.17073170731707318,1.0
dialogue,0,0.4953833520412445,79,0.0784313725490196,1.0
dialogue,1,0.47300103306770325,111,0.1111111111111111,1.0
dialogue,0,0.016571898013353348,4,0.0,1.0
dialogue,1,0.3177036941051483,94,0.10714285714285714,0.9444444444444444
dialogue,0,0.508256733417511,71,0.06896551724137931,1.0
dialogue,1,0.46114295721054077,83,0.06896551724137931,0.9230769230769231
dialogue,0,0.34064486622810364,47,0.06779661016949153,1.0
dialogue,1,0.7989661693572998,106,0.18032786885245902,1.0
dialogue,0,0.27996546030044556,87,0.07246376811594203,1.0
dialogue,1,0.33344095945358276,117,0.0821917808219178,0.9047619047619048
dialogue,0,0.5461752414703369,77,0.06976744186046512,0.8823529411764706
dialogue,1,0.17640264332294464,72,0.06976744186046512,0.8823529411764706
dialogue,0,0.5179480910301208,108,0.09230769230769231,0.9473684210526315
dialogue,1,0.6484293341636658,88,0.13333333333333333,0.9375
dialogue,0,0.6735443472862244,101,0.22033898305084745,0.95
dialogue,1,0.6362149119377136,219,0.27941176470588236,0.85
dialogue,0,0.3527085483074188,96,0.07142857142857142,0.8235294117647058
dialogue,1,0.4236721098423004,186,0.11940298507462686,0.8787878787878788
dialogue,0,0.321769118309021,78,0.1,0.9285714285714286
dialogue,1,0.668094277381897,144,0.15625,0.9545454545454546
dialogue,0,0.5425387024879456,46,0.07142857142857142,1.0
dialogue,1,0.43138137459754944,44,0.046511627906976744,1.0
dialogue,0,0.5765320658683777,65,0.030303030303030304,1.0
dialogue,1,0.5164682269096375,72,0.014705882352941176,1.0
dialogue,0,0.4368734657764435,50,0.08695652173913043,0.9
dialogue,1,0.6208997368812561,98,0.20833333333333334,0.9444444444444444
dialogue,0,0.4173423647880554,106,0.06666666666666667,1.0
dialogue,1,0.21942782402038574,114,0.03225806451612903,0.95
dialogue,0,0.32180336117744446,69,0.10638297872340426,0.75
dialogue,1,0.3123539388179779,65,0.08333333333333333,0.75
dialogue,0,0.41587334871292114,64,0.058823529411764705,1.0
dialogue,1,0.285611629486084,59,0.0967741935483871,1.0
dialogue,0,0.23722118139266968,91,0.15555555555555556,1.0
dialogue,1,0.20813123881816864,73,0.13953488372093023,1.0
dialogue,0,0.36185821890830994,46,0.09259259259259259,1.0
dialogue,1,0.6046738028526306,126,0.1864406779661017,0.8695652173913043
dialogue,0,0.4105508327484131,88,0.08163265306122448,0.9375
dialogue,1,0.38774529099464417,81,0.08333333333333333,0.9333333333333333
dialogue,0,0.6062530875205994,63,0.0784313725490196,1.0
dialogue,1,0.4058205187320709,101,0.07142857142857142,0.9375
dialogue,0,0.10435711592435837,70,0.06382978723404255,1.0
dialogue,1,0.1824660450220108,57,0.13333333333333333,1.0
dialogue,0,0.22927603125572205,80,0.109375,0.8823529411764706
dialogue,1,0.48186951875686646,121,0.14492753623188406,0.92
dialogue,0,0.5979748964309692,43,0.06666666666666667,1.0
dialogue,1,0.6223610639572144,99,0.2127659574468085,0.9444444444444444
dialogue,0,0.11681126803159714,12,0.01818181818181818,1.0
dialogue,1,0.559989333152771,161,0.1388888888888889,0.9333333333333333
dialogue,0,0.37366580963134766,108,0.05454545454545454,0.8421052631578947
dialogue,1,0.4324045777320862,101,0.05555555555555555,0.8333333333333334
dialogue,0,0.49983060359954834,120,0.19672131147540983,0.9090909090909091
dialogue,1,0.5461876392364502,139,0.11764705882352941,0.8846153846153846
dialogue,0,0.36082354187965393,84,0.08620689655172414,0.9375
dialogue,1,0.40436500310897827,80,0.08771929824561403,0.9333333333333333
dialogue,0,0.24843919277191162,63,0.08196721311475409,1.0
dialogue,1,0.6499232053756714,71,0.11666666666666667,1.0
dialogue,0,0.4940239191055298,100,0.20930232558139536,0.8947368421052632
dialogue,1,0.3596753180027008,100,0.15555555555555556,0.8947368421052632
dialogue,0,0.2571684718132019,60,0.07017543859649122,1.0
dialogue,1,0.807625949382782,200,0.23880597014925373,0.9166666666666666
dialogue,0,0.5860803723335266,67,0.1891891891891892,0.9230769230769231
dialogue,1,0.7504078149795532,85,0.17073170731707318,1.0
dialogue,0,0.38244926929473877,48,0.12,0.9090909090909091
dialogue,1,0.509568452835083,91,0.17647058823529413,0.7
dialogue,0,0.33152204751968384,44,0.06666666666666667,1.0
dialogue,1,0.20345430076122284,52,0.047619047619047616,1.0
dialogue,0,0.5472573041915894,76,0.12195121951219512,1.0
dialogue,1,0.6853196024894714,101,0.13636363636363635,0.9375
dialogue,0,0.5098024606704712,83,0.16393442622950818,1.0
dialogue,1,0.23314985632896423,93,0.09230769230769231,0.875
dialogue,0,0.2871563136577606,40,0.08163265306122448,1.0
dialogue,1,0.2926334738731384,45,0.0392156862745098,1.0
dialogue,0,0.2764189541339874,62,0.05357142857142857,0.9166666666666666
dialogue,1,0.5959646105766296,131,0.22033898305084745,0.96
dialogue,0,0.39869382977485657,123,0.1076923076923077,0.8
dialogue,1,0.5000621676445007,107,0.07462686567164178,0.8
dialogue,0,0.5637294054031372,89,0.13793103448275862,0.8888888888888888
dialogue,1,0.6467238664627075,143,0.09230769230769231,0.875
dialogue,0,0.6663817167282104,97,0.3125,1.0
dialogue,1,0.5533537268638611,97,0.23529411764705882,1.0
dialogue,0,0.10286351293325424,58,0.014492753623188406,1.0
dialogue,1,0.673746645450592,118,0.12857142857142856,0.9047619047619048
dialogue,0,0.04429585486650467,39,0.038461538461538464,1.0
dialogue,1,0.14708898961544037,24,0.019230769230769232,1.0
dialogue,0,0.34915366768836975,51,0.12244897959183673,1.0
dialogue,1,0.5511826872825623,128,0.12698412698412698,1.0
dialogue,0,0.14969488978385925,56,0.05555555555555555,0.9166666666666666
dialogue,1,0.31231608986854553,131,0.11688311688311688,0.9130434782608695
dialogue,0,0.23717500269412994,39,0.023255813953488372,0.875
dialogue,1,0.6062679290771484,84,0.2222222222222222,1.0
dialogue,0,0.04120863974094391,13,0.02040816326530612,1.0
dialogue,1,0.7336876392364502,219,0.16216216216216217,0.9743589743589743
dialogue,0,0.40471935272216797,44,0.08333333333333333,1.0
dialogue,1,0.5535107851028442,55,0.1276595744680851,1.0
dialogue,0,0.13686659932136536,35,0.03225806451612903,1.0
dialogue,1,0.31545117497444153,111,0.08450704225352113,0.9090909090909091
dialogue,0,0.5466210842132568,94,0.18181818181818182,1.0
dialogue,1,0.5723124146461487,90,0.13953488372093023,1.0
dialogue,0,0.35218650102615356,88,0.07936507936507936,1.0
dialogue,1,0.4023357033729553,88,0.07936507936507936,1.0
dialogue,0,0.5493351817131042,91,0.14035087719298245,1.0
dialogue,1,0.5298880338668823,98,0.0847457627118644,1.0
dialogue,0,0.6878384947776794,96,0.2857142857142857,1.0
dialogue,1,0.47226160764694214,93,0.13636363636363635,1.0
dialogue,0,0.11613064259290695,20,0.0,1.0
dialogue,1,0.7149532437324524,103,0.11428571428571428,0.9411764705882353
dialogue,0,0.43194273114204407,130,0.029411764705882353,0.8461538461538461
dialogue,1,0.6278462409973145,93,0.08,0.9333333333333333
dialogue,0,0.3127138018608093,144,0.13559322033898305,0.9
dialogue,1,0.5794051289558411,267,0.23529411764705882,0.88
dialogue,0,0.41457003355026245,88,0.11764705882352941,1.0
dialogue,1,0.26529455184936523,128,0.1320754716981132,0.8695652173913043
dialogue,0,0.22287286818027496,31,0.045454545454545456,1.0
dialogue,1,0.1847514808177948,35,0.045454545454545456,1.0
dialogue,0,0.056922439485788345,49,0.15384615384615385,1.0
dialogue,1,0.5413472056388855,113,0.1956521739130435,1.0
dialogue,0,0.34864744544029236,101,0.07352941176470588,0.9473684210526315
dialogue,1,0.32800349593162537,131,0.08571428571428572,0.9130434782608695
dialogue,0,0.32770758867263794,138,0.125,0.8571428571428571
dialogue,1,0.31054818630218506,121,0.11688311688311688,0.8695652173913043
dialogue,0,0.6097947359085083,69,0.16666666666666666,1.0
dialogue,1,0.383785605430603,65,0.11627906976744186,1.0
dialogue,0,0.4861856997013092,81,0.0847457627118644,0.9375
dialogue,1,0.7870458364486694,110,0.16071428571428573,0.8421052631578947
dialogue,0,0.40901944041252136,34,0.046511627906976744,0.8571428571428571
dialogue,1,0.3947584629058838,51,0.044444444444444446,0.8888888888888888
dialogue,0,0.35657796263694763,65,0.14285714285714285,1.0
dialogue,1,0.5303318500518799,78,0.12698412698412698,0.8666666666666667
dialogue,0,0.38690489530563354,58,0.10416666666666667,1.0
dialogue,1,0.2439037561416626,58,0.08163265306122448,1.0
dialogue,0,0.11066661775112152,120,0.14035087719298245,0.9523809523809523
dialogue,1,0.15848736464977264,113,0.13793103448275862,1.0
dialogue,0,0.546662449836731,69,0.11538461538461539,1.0
dialogue,1,0.8376535177230835,232,0.26229508196721313,0.8648648648648649
dialogue,0,0.5335271954536438,107,0.06666666666666667,0.8947368421052632
dialogue,1,0.5810905694961548,103,0.1016949152542373,0.9473684210526315
dialogue,0,0.3159429132938385,78,0.06349206349206349,1.0
dialogue,1,0.5978763699531555,198,0.14666666666666667,0.9444444444444444
dialogue,0,0.5374815464019775,235,0.13043478260869565,0.8717948717948718
dialogue,1,0.5206317901611328,220,0.13043478260869565,0.8717948717948718
dialogue,0,0.18640486896038055,59,0.07407407407407407,0.9285714285714286
dialogue,1,0.6655741333961487,179,0.3508771929824561,0.9411764705882353
dialogue,0,0.3729926347732544,68,0.06060606060606061,1.0
dialogue,1,0.40168294310569763,79,0.05970149253731343,1.0
dialogue,0,0.27893275022506714,74,0.06557377049180328,1.0
dialogue,1,0.350883424282074,191,0.11267605633802817,0.8
dialogue,0,0.03940383344888687,38,0.029411764705882353,1.0
dialogue,1,0.6474605798721313,79,0.19696969696969696,0.9411764705882353
dialogue,0,0.22709184885025024,15,0.0,1.0
dialogue,1,0.33130383491516113,35,0.05714285714285714,1.0
dialogue,0,0.7743895649909973,131,0.16417910447761194,0.8695652173913043
dialogue,1,0.7037677764892578,148,0.125,0.8518518518518519
dialogue,0,0.34429654479026794,74,0.14035087719298245,1.0
dialogue,1,0.3393871784210205,86,0.13793103448275862,1.0
dialogue,0,0.3664451837539673,162,0.1,0.96
dialogue,1,0.3206073045730591,154,0.11864406779661017,0.9230769230769231
dialogue,0,0.454778790473938,105,0.06779661016949153,0.9444444444444444
dialogue,1,0.33367791771888733,94,0.03333333333333333,1.0
dialogue,0,0.8475168943405151,123,0.26666666666666666,1.0
dialogue,1,0.7587838768959045,129,0.21875,1.0
dialogue,0,0.5645718574523926,57,0.125,1.0
dialogue,1,0.4200981855392456,67,0.057692307692307696,1.0
dialogue,0,0.33874139189720154,112,0.09523809523809523,0.875
dialogue,1,0.5107648968696594,114,0.13114754098360656,0.9130434782608695
dialogue,0,0.4461461007595062,221,0.136986301369863,0.75
dialogue,1,0.46154165267944336,229,0.1643835616438356,0.8
dialogue,0,0.42817944288253784,47,0.0392156862745098,1.0
dialogue,1,0.4277022182941437,116,0.12727272727272726,0.9444444444444444
dialogue,0,0.16556869447231293,39,0.038461538461538464,1.0
dialogue,1,0.1887715756893158,41,0.0784313725490196,1.0
dialogue,0,0.21525725722312927,41,0.03278688524590164,1.0
dialogue,1,0.7534779906272888,158,0.18571428571428572,0.9032258064516129
dialogue,0,0.3667827546596527,99,0.09523809523809523,0.8421052631578947
dialogue,1,0.5875639915466309,172,0.12,1.0
dialogue,0,0.5972357988357544,85,0.19298245614035087,0.9444444444444444
dialogue,1,0.5554565191268921,135,0.1076923076923077,0.9130434782608695
dialogue,0,0.08878732472658157,58,0.05263157894736842,0.9166666666666666
dialogue,1,0.30367031693458557,88,0.07792207792207792,1.0
dialogue,0,0.6658190488815308,63,0.10526315789473684,1.0
dialogue,1,0.5457139611244202,144,0.09375,0.8461538461538461
dialogue,0,0.22478564083576202,33,0.045454545454545456,1.0
dialogue,1,0.3455507159233093,37,0.044444444444444446,0.875
dialogue,0,0.26989269256591797,59,0.09259259259259259,0.9230769230769231
dialogue,1,0.30727940797805786,60,0.05263157894736842,1.0
dialogue,0,0.6182574033737183,83,0.06557377049180328,1.0
dialogue,1,0.7279870510101318,121,0.13333333333333333,0.9473684210526315
dialogue,0,0.33716097474098206,88,0.06896551724137931,0.875
dialogue,1,0.38326889276504517,96,0.10714285714285714,0.875
dialogue,0,0.5368934869766235,94,0.13953488372093023,0.9444444444444444
dialogue,1,0.6037026643753052,159,0.09615384615384616,0.8620689655172413
dialogue,0,0.4397788345813751,47,0.1016949152542373,1.0
dialogue,1,0.3679131865501404,87,0.0625,1.0
dialogue,0,0.3355812132358551,60,0.06896551724137931,0.9090909090909091
dialogue,1,0.5505042672157288,286,0.15584415584415584,0.8222222222222222
dialogue,0,0.2999204993247986,51,0.16,1.0
dialogue,1,0.3484400808811188,83,0.10344827586206896,0.9285714285714286
dialogue,0,0.5466183423995972,98,0.08571428571428572,1.0
dialogue,1,0.4863460958003998,79,0.1044776119402985,1.0
dialogue,0,0.5020176768302917,116,0.1791044776119403,0.88
dialogue,1,0.37245652079582214,108,0.08333333333333333,1.0
dialogue,0,0.21476364135742188,44,0.1111111111111111,1.0
dialogue,1,0.6033849120140076,54,0.1388888888888889,1.0
dialogue,0,0.4115696847438812,113,0.16417910447761194,0.875
dialogue,1,0.6459437608718872,116,0.16666666666666666,0.8695652173913043
dialogue,0,0.5488033294677734,96,0.12121212121212122,1.0
dialogue,1,0.8127243518829346,137,0.17647058823529413,0.92
dialogue,0,0.10751491785049438,14,0.0,1.0
dialogue,1,0.862242579460144,182,0.24561403508771928,0.8787878787878788
dialogue,0,-0.0008623041212558746,34,0.058823529411764705,1.0
dialogue,1,0.6959229707717896,86,0.1388888888888889,1.0
dialogue,0,0.7875104546546936,95,0.24074074074074073,1.0
dialogue,1,0.5381045341491699,65,0.10344827586206896,1.0
dialogue,0,0.6129348874092102,92,0.1568627450980392,0.8421052631578947
dialogue,1,0.6316664814949036,95,0.1568627450980392,0.8421052631578947
dialogue,0,0.032617032527923584,4,0.0,1.0
dialogue,1,0.4047203063964844,40,0.06349206349206349,1.0
dialogue,0,0.051041122525930405,21,0.0,1.0
dialogue,1,0.8482046723365784,167,0.19117647058823528,0.7931034482758621
dialogue,0,0.4786488711833954,92,0.06896551724137931,1.0
dialogue,1,0.5211426019668579,164,0.14516129032258066,0.9230769230769231
dialogue,0,0.7430887222290039,104,0.36585365853658536,0.9444444444444444
dialogue,1,0.6270361542701721,112,0.21739130434782608,0.9444444444444444
dialogue,0,0.23332832753658295,78,0.0784313725490196,1.0
dialogue,1,0.1614680290222168,76,0.0784313725490196,1.0
dialogue,0,0.3041384518146515,66,0.05970149253731343,1.0
dialogue,1,0.3483840823173523,81,0.057971014492753624,1.0
dialogue,0,0.2706855237483978,98,0.05405405405405406,0.8947368421052632
dialogue,1,0.7485294342041016,181,0.12987012987012986,0.8125
dialogue,0,0.463148295879364,80,0.09803921568627451,0.9375
dialogue,1,0.48604103922843933,74,0.12244897959183673,1.0
dialogue,0,0.6629970669746399,116,0.18,0.7
dialogue,1,0.5916013717651367,117,0.10526315789473684,0.8181818181818182
dialogue,0,0.3272149860858917,92,0.09375,0.9411764705882353
dialogue,1,0.7017109990119934,151,0.19696969696969696,0.9259259259259259
dialogue,0,0.5469404458999634,98,0.20754716981132076,0.9473684210526315
dialogue,1,0.44606342911720276,103,0.14285714285714285,1.0
dialogue,0,0.36648207902908325,33,0.06779661016949153,1.0
dialogue,1,0.6947644352912903,105,0.171875,0.9473684210526315
dialogue,0,0.15872450172901154,23,0.0784313725490196,1.0
dialogue,1,0.1727050244808197,24,0.0784313725490196,1.0
